ts_iso,session_id,request_id,task_code,step,outcome,ms,http_status,js_mode
2025-11-22T12:51:14.333911Z,P1_4s8ahu,r0002,T3_add,success,,37,200,on
2025-11-22T12:51:37.672501Z,P1_4s8ahu,r0003,T1_filter,success,,6,200,on
2025-11-22T12:51:38.212141Z,P1_4s8ahu,r0004,T1_filter,success,,2,200,on
2025-11-22T12:51:38.879319Z,P1_4s8ahu,r0005,T1_filter,success,,2,200,on
2025-11-22T12:51:39.486353Z,P1_4s8ahu,r0006,T1_filter,success,,2,200,on
2025-11-22T12:51:40.625860Z,P1_4s8ahu,r0007,T1_filter,success,,2,200,on
2025-11-22T12:52:21.522254Z,P1_4s8ahu,r0008,T0_view,success,,1,200,on
2025-11-22T12:52:21.914948Z,P1_4s8ahu,r0009,T0_view,success,,1,200,on
2025-11-22T12:53:29.053166Z,P1_4s8ahu,r0010,T4_edit,success,,3,200,on
2025-11-22T12:53:43.207872Z,P1_4s8ahu,r0011,T3_delete,success,,2,200,on
2025-11-22T12:56:00.021346Z,P2_5pvbts,r0001,T0_view,success,,62,200,off
2025-11-22T12:56:09.852910Z,P2_5pvbts,r0002,T0_view,success,,2,200,off
2025-11-22T12:56:15.288302Z,P2_5pvbts,r0003,T0_view,success,,14,200,off
2025-11-22T12:58:21.234618Z,P2_5pvbts,r0004,T3_add,success,,39,200,off
2025-11-22T12:58:21.237473Z,P2_5pvbts,r0005,T0_view,success,,1,200,off
2025-11-22T12:58:36.145750Z,P2_5pvbts,r0006,T3_add,validation_error,blank_title,0,400,off
2025-11-22T12:58:36.154444Z,P2_5pvbts,r0007,T0_view,success,,2,200,off
2025-11-22T12:58:48.311895Z,P2_5pvbts,r0008,T1_filter,success,,1,200,off
2025-11-22T12:58:53.015774Z,P2_5pvbts,r0009,T0_view,success,,2,200,off
2025-11-22T12:59:25.193418Z,P2_5pvbts,r0010,T4_edit,success,,2,200,off
2025-11-22T12:59:25.197990Z,P2_5pvbts,r0011,T0_view,success,,1,200,off
2025-11-22T13:00:15.651999Z,P2_5pvbts,r0012,T3_delete,success,,2,200,off
2025-11-22T13:00:15.657785Z,P2_5pvbts,r0013,T0_view,success,,1,200,off
2025-11-22T13:02:34.782754Z,P2_5pvbts,r0001,T0_view,success,,53,200,off
2025-11-22T13:02:36.393295Z,P2_5pvbts,r0002,T0_view,success,,2,200,off
2025-11-22T13:06:48.477373Z,P3_wrur0v,r0001,T0_view,success,,46,200,off
2025-11-22T13:08:43.611672Z,P3_wrur0v,r0002,T3_add,success,,34,200,off
2025-11-22T13:08:43.614607Z,P3_wrur0v,r0003,T0_view,success,,1,200,off
2025-11-22T13:08:56.279260Z,P3_wrur0v,r0004,T1_filter,success,,5,200,on
2025-11-22T13:09:02.706092Z,P3_wrur0v,r0005,T0_view,success,,2,200,on
2025-11-22T13:09:12.601519Z,P3_wrur0v,r0006,T1_filter,success,,1,200,on
2025-11-22T13:09:13.699734Z,P3_wrur0v,r0007,T0_view,success,,2,200,on
2025-11-22T13:09:41.961469Z,P3_wrur0v,r0008,T4_edit,success,,3,200,on
2025-11-22T13:09:54.784936Z,P3_wrur0v,r0009,T3_delete,success,,2,200,on
2025-11-22T13:10:33.935846Z,P3_wrur0v,r0001,T0_view,success,,52,200,off
2025-11-22T13:11:41.571707Z,P4_9got9d,r0002,T0_view,success,,2,200,off
2025-11-22T13:12:06.555294Z,P4_9got9d,r0003,T0_view,success,,2,200,off
2025-11-22T13:13:38.950748Z,P4_9got9d,r0004,T3_add,success,,37,200,off
2025-11-22T13:13:38.954077Z,P4_9got9d,r0005,T0_view,success,,1,200,off
2025-11-22T13:13:54.955894Z,P4_9got9d,r0006,T1_filter,success,,1,200,off
2025-11-22T13:14:06.839033Z,P4_9got9d,r0007,T0_view,success,,2,200,off
2025-11-22T13:14:33.584155Z,P4_9got9d,r0008,T4_edit,success,,2,200,off
2025-11-22T13:14:33.590579Z,P4_9got9d,r0009,T0_view,success,,2,200,off
2025-11-22T13:14:47.599275Z,P4_9got9d,r0010,T3_delete,success,,2,200,off
2025-11-22T13:14:47.606367Z,P4_9got9d,r0011,T0_view,success,,2,200,off
2025-11-22T13:16:42.789407Z,P4_9got9d,r0001,T0_view,success,,48,200,off
2025-11-22T13:18:39.690397Z,P5_ffqtix,r0002,T0_view,success,,2,200,off
2025-11-22T13:19:11.447915Z,P5_ffqtix,r0003,T3_add,success,,39,200,on
2025-11-22T13:19:15.927442Z,P5_ffqtix,r0004,T1_filter,success,,4,200,on
2025-11-22T13:19:16.774541Z,P5_ffqtix,r0005,T1_filter,success,,2,200,on
2025-11-22T13:19:17.856787Z,P5_ffqtix,r0006,T1_filter,success,,2,200,on
2025-11-22T13:19:18.403848Z,P5_ffqtix,r0007,T1_filter,success,,1,200,on
2025-11-22T13:19:18.751217Z,P5_ffqtix,r0008,T1_filter,success,,2,200,on
2025-11-22T13:19:22.205050Z,P5_ffqtix,r0009,T1_filter,success,,2,200,on
2025-11-22T13:19:42.348961Z,P5_ffqtix,r0010,T0_view,success,,1,200,on
2025-11-22T13:19:42.713814Z,P5_ffqtix,r0011,T0_view,success,,1,200,on
2025-11-22T13:20:46.497221Z,P5_ffqtix,r0012,T4_edit,success,,3,200,on
2025-11-22T13:20:55.565843Z,P5_ffqtix,r0013,T3_delete,success,,2,200,on
